Story ID,Prediction,Rationale
46,1,"Backstory is consistent. 1/1 facts verified, 0 minor inconsistencies."
137,1,No verifiable constraints found in backstory.
74,0,"Found 1 high-confidence contradiction(s) out of 1 facts. Details: Fact 1 [100% confidence]: [LLM] THE CLAIM INVOLVES STUDYING CRACK PATTERNS BY MOONLIGHT TO DIVINE OUTCOMES, WHICH IS UNRELATED AND INCONSISTENT WITH THE CONTEXT OF DANTÈS BREAKING A JUG AND ATTEMPTING AN ESCAPE IN COMPLETE DARKNESS. THERE IS NO MENTION OR IMPLICATION OF ANY SHARK-TOOTH NECKLACE OR DIVINATION PRACTICES IN THE PROVIDED NOVEL TEXT."
109,0,"Found 1 high-confidence contradiction(s) out of 2 facts. Details: Fact 1 [70% confidence]: [LLM] THE CLAIM SUGGESTS VILLEFORT’S POLITICAL SHIFT TOWARDS ROYALISM DISAPPOINTED SOMEONE (LIKELY HIS FATHER), LEADING TO ARGUMENTS AT FAMILY GATHERINGS. HOWEVER, THE PROVIDED CONTEXT DOES NOT MENTION ANY POLITICAL AFFILIATIONS OR DISAGREEMENTS RELATED TO POLITICS; INSTEAD, IT FOCUSES ON VILLEFORT'S ACTIONS AND CONCERNS REGARDING VALENTINE'S HEALTH AND PAST EVENTS INVOLVING NOIRTIER AND MORREL. | Fact 2 [90% confidence]: [LLM] THE NOVEL CONTEXT INDICATES THAT VILLEFORT MAINTAINS A HIGH RESPECT FOR HIS FATHER AND DOES NOT ARGUE WITH HIM OVER POLITICAL DIFFERENCES; INSTEAD, IT SUGGESTS VILLEFORT'S ACTIONS ARE INDEPENDENT OF HIS FATHER’S VIEWS. THIS CONTRADICTS THE CLAIM THAT VILLEFORT AND HIS FATHER ARGUED ABOUT POLITICS AT EVERY FAMILY GATHERING."
104,1,No verifiable constraints found in backstory.
35,0,"Found 2 high-confidence contradiction(s) out of 2 facts. Details: Fact 1 [90% confidence]: [LLM] THE CLAIM SUGGESTS CAPTAIN GRANT UNCOVERED A FORGED LOGBOOK AND THREATENED TO REPORT SOMEONE, LEADING TO A MUTINY. HOWEVER, THE PROVIDED NOVEL CONTEXT DOES NOT MENTION ANY FORGED LOGBOOK OR THREATS BY CAPTAIN GRANT; INSTEAD, IT FOCUSES ON HIS ISLAND REFUGE AND RESCUE EFFORTS, INDICATING NO SUCH INCIDENT OCCURRED ACCORDING TO THE GIVEN TEXT. | Fact 2 [90% confidence]: [LLM] THE CLAIM DESCRIBES ""MAROONING"" AS A BOTCHED SILENCING INVOLVING CAPTAIN GRANT AND AYRTON, WHICH IS NOT SUPPORTED BY OR RELATED TO THE PROVIDED NOVEL CONTEXT THAT DISCUSSES A SHIP RUNNING AGROUND DUE TO NAVIGATIONAL ERRORS AND SUBSEQUENT CHAOS AMONG THE CREW."
18,0,"Found 1 high-confidence contradiction(s) out of 1 facts. Details: Fact 1 [90% confidence]: [LLM] THE CLAIM INVOLVES FINDING BRIBERY ENTRIES IN LEDGERS AND REPORTING THEM, WHICH LEADS TO CONSEQUENCES. HOWEVER, THE NOVEL CONTEXT DOES NOT MENTION ANY SUCH INCIDENT; INSTEAD, IT FOCUSES ON INTERACTIONS WITH NEIGHBORS REGARDING MONEY MATTERS AND DISCUSSIONS ABOUT HIDDEN WEALTH. THERE IS NO INDICATION OF CORRUPTION OR WHISTLEBLOWING ACTIVITIES THAT WOULD SUPPORT THE BACKSTORY'S CLAIM."
31,0,"Found 1 high-confidence contradiction(s) out of 1 facts. Details: Fact 1 [90% confidence]: [LLM] THE BACKSTORY CLAIMS ""HE RESCUED THE INDIGENOUS ELDER YUROOK FROM COLONISTS,"" WHICH INVOLVES SPECIFIC ACTIONS RELATED TO RESCUING AN INDIVIDUAL AND GAINING TRIBAL PROTECTION. HOWEVER, THE NOVEL CONTEXT DOES NOT MENTION ANY RESCUE MISSION OR INTERACTION WITH AN INDIGENOUS ELDER NAMED YUROOK; INSTEAD, IT FOCUSES ON A HUNT AND SURVIVAL SCENARIOS IN A DIFFERENT GEOGRAPHICAL SETTING."
68,0,"Found 3 high-confidence contradiction(s) out of 4 facts. Details: Fact 1 [100% confidence]: [LLM] THE CLAIM INVOLVES A YOUNG CHARACTER CONVINCING ELDERS ABOUT HIS BIRTH-MARK AND REINCARNATION DURING MIGRATION, WHICH IS ENTIRELY UNRELATED TO THE PROVIDED NOVEL CONTEXT THAT DISCUSSES MARRIAGE ARRANGEMENTS AND AGE-RELATED CONCERNS. THERE IS NO MENTION OF MIGRATION OR BIRTH-MARKS IN THE GIVEN TEXT. | Fact 3 [95% confidence]: [LLM] THE BACKSTORY DESCRIBES AN EVENT INVOLVING A EUROPEAN BISON AND THE CRAFTING OF A BATTLE-AXE FROM ITS HORNS, WHICH IS SET IN A CONTEXT THAT IMPLIES HISTORICAL OR MYTHOLOGICAL TIMES. HOWEVER, THE NOVEL CONTEXT PROVIDED DOES NOT MENTION ANY SUCH INCIDENT AND INSTEAD FOCUSES ON CONTEMPORARY CATTLE RANCHING AND OTHER MODERN ACTIVITIES IN SOUTH AMERICA, MAKING IT HIGHLY UNLIKELY FOR BOTH TO BE TRUE SIMULTANEOUSLY. | Fact 4 [90% confidence]: [LLM] THE CLAIM DESCRIBES AN EVENT INVOLVING EUROPEAN BISON TRAMPLING PLANTATIONS, WHICH IS NOT MENTIONED OR IMPLIED ANYWHERE IN THE PROVIDED NOVEL CONTEXT. THE TEXT FOCUSES ON DESCRIPTIONS OF NATURAL LANDSCAPES AND AGRICULTURAL SETTINGS WITHOUT ANY REFERENCE TO BISON OR SIMILAR EVENTS."
9,0,"Found 2 high-confidence contradiction(s) out of 2 facts. Details: Fact 1 [90% confidence]: [LLM] THE BACKSTORY CLAIMS THAT ""HE"" SLIPPED A FAREWELL LETTER TO HIS FRENCH SWEETHEART INTO AN ACADEMIC REPORT, WHICH IMPLIES A SPECIFIC ACTION RELATED TO A PERSONAL DOCUMENT BEING ACCIDENTALLY INCLUDED IN PROFESSIONAL WORK. HOWEVER, THE NOVEL CONTEXT DOES NOT MENTION ANY SUCH INCIDENT INVOLVING A FAREWELL LETTER OR ANY ACCIDENTAL INCLUSION OF DOCUMENTS; INSTEAD, IT FOCUSES ON MORCERF'S EFFORTS TO GAIN ACCESS TO THE KING AND HIS INTERACTIONS WITH BEAUCHAMP. | Fact 2 [90% confidence]: [LLM] THE CLAIM INVOLVES AN ACADEMIC REPORT AND ITS PRAISE BY THE ACADEMY OF SCIENCES DUE TO A FAREWELL LETTER BEING ACCIDENTALLY INCLUDED. HOWEVER, THE NOVEL CONTEXT DOES NOT MENTION ANY SUCH INCIDENT OR DOCUMENT RELATED TO PERSONAL CORRESPONDENCE MIXED WITH ACADEMIC WORK. INSTEAD, IT FOCUSES ON DISCUSSIONS ABOUT BOOKS AND SCIENTIFIC ENDEAVORS WITHOUT ANY REFERENCE TO AN ACCIDENTAL INCLUSION OF A FAREWELL LETTER."
84,0,"Found 1 high-confidence contradiction(s) out of 1 facts. Details: Fact 1 [90% confidence]: [LLM] THE BACKSTORY CLAIMS THAT ""HE TOOK BONES FROM THEIR BODIES AS TOKENS,"" IMPLYING AN ACT OF COLLECTING OR PRESERVING HUMAN REMAINS. HOWEVER, THE NOVEL CONTEXT DOES NOT MENTION ANY SUCH BEHAVIOR AND INSTEAD DESCRIBES ACTIONS INVOLVING ANIMALS (RABBITS, FOWLS, DOGS) AND EXPERIMENTS, WHICH ARE UNRELATED TO THE CLAIM ABOUT TAKING BONES AS TOKENS FROM COMRADES' BODIES."
83,0,"Found 2 high-confidence contradiction(s) out of 2 facts. Details: Fact 1 [90% confidence]: [LLM] THE BACKSTORY CLAIMS THAT ""HE"" MET AYRTON IN TASMANIA WHEN ON THE RUN AT EIGHTEEN YEARS OLD AND DESCRIBES THEIR COLLABORATION AS FUGITIVES. HOWEVER, THE NOVEL CONTEXT INDICATES AYRTON WAS SHIPWRECKED AND ENSLAVED BY A NATIVE TRIBE FOR TWO YEARS BEFORE ESCAPING INTO EXTENSIVE FORESTS, WITHOUT ANY MENTION OF MEETING SOMEONE WHO WAS EIGHTEEN AND ON THE RUN IN TASMANIA. | Fact 2 [90% confidence]: [LLM] THE CLAIM SUGGESTS THAT THE FUGITIVES POOLED THEIR LANGUAGES AND SURVIVAL SKILLS, IMPLYING INTERACTION AND COLLABORATION AMONG THEM. HOWEVER, THE NOVEL CONTEXT DOES NOT MENTION ANY SUCH COLLABORATIVE EFFORT REGARDING LANGUAGE OR SURVIVAL SKILLS; INSTEAD, IT FOCUSES ON THE IMMEDIATE DANGER AND PURSUIT BY NATIVES WITHOUT INDICATING SHARED LINGUISTIC ABILITIES OR COOPERATIVE SURVIVAL STRATEGIES."
134,0,"Found 1 high-confidence contradiction(s) out of 1 facts. Details: Fact 1 [90% confidence]: [LLM] THE BACKSTORY CLAIMS THAT AFTER GRADUATION, A SECRET SOCIETY ENLISTED HIM IN SPECIFIC ROLES, WHICH IMPLIES AN ORGANIZED AND DELIBERATE RECRUITMENT PROCESS. HOWEVER, THE NOVEL CONTEXT DOES NOT MENTION ANY SUCH STRUCTURED INVOLVEMENT WITH A SECRET SOCIETY OR STRATEGIC ROLES; INSTEAD, IT FOCUSES ON THEMES OF ADVENTURE, MYSTERY, AND PERSONAL SURVIVAL WITHOUT REFERENCING ANY FORMAL ENLISTMENT BY A GROUP."
88,0,"Found 1 high-confidence contradiction(s) out of 2 facts. Details: Fact 1 [90% confidence]: [LLM] THE NOVEL CONTEXT INDICATES THAT CITIZEN NOIRTIER AND COUNT NOIRTIER ARE TWO DIFFERENT INDIVIDUALS REPRESENTING OPPOSITE POLITICAL STANCES. IT SUGGESTS THAT WHILE ONE JOINED THE GIRONDINS, THE OTHER ALIGNED WITH THE NEW GOVERNMENT, CONTRADICTING THE CLAIM THAT ""HE"" (IMPLYING A SINGLE INDIVIDUAL) JOINED THE GIRONDINS UNDER THE ALIAS ""CITIZEN NOIRTIER."""
67,0,"Found 1 high-confidence contradiction(s) out of 1 facts. Details: Fact 1 [90% confidence]: [LLM] THE NOVEL CONTEXT DOES NOT MENTION ANY MAORI HERITAGE OR EVENTS RELATED TO HIS MOTHER TATTOOING A VENGEANCE CURSE ON HIM. INSTEAD, IT FOCUSES ON HIS RELATIONSHIP WITH AN ADOPTED FATHER AND THE ABSENCE OF HIS BIOLOGICAL PARENTS IN HIS LIFE."
112,0,"Found 1 high-confidence contradiction(s) out of 1 facts. Details: Fact 1 [90% confidence]: [LLM] THE CLAIM SUGGESTS THAT ""HE"" MET THE COUNT OF MONTE CRISTO THROUGH UNDERGROUND CIRCLES AND PROVIDED HIM WITH VITAL INFORMATION. HOWEVER, THE NOVEL CONTEXT DOES NOT MENTION ANY SUCH MEETING OR INTERACTION INVOLVING PROVIDING SECRET INFORMATION TO THE COUNT. INSTEAD, IT FOCUSES ON THE COUNT'S INTERACTIONS WITHIN A MORE PUBLIC SETTING AND HIS DEALINGS WITH CHARACTERS LIKE BERTUCCIO IN A NON-UNDERGROUND MANNER."
79,0,"Found 2 high-confidence contradiction(s) out of 2 facts. Details: Fact 1 [90% confidence]: [LLM] THE CLAIM DESCRIBES A SPECIFIC ""BLOOD-AND-BONE"" RITE INVOLVING BURNT BONES AND SPIRITUAL INVOCATION, WHICH IS NOT MENTIONED OR IMPLIED IN THE PROVIDED NOVEL CONTEXT. THE NOVEL FOCUSES ON TRADITIONAL MOURNING RITES AND DOES NOT REFERENCE ANY RITUAL INVOLVING BONE FRAGMENTS OR INVOKING SPIRITS THROUGH SUCH MEANS. | Fact 2 [100% confidence]: [LLM] THE BACKSTORY DESCRIBES A RITUAL INVOLVING LIFTING FRAGMENTS OF BURNT BONES, WHICH IS ENTIRELY UNRELATED TO AND ABSENT FROM THE PROVIDED NOVEL CONTEXT THAT FOCUSES ON DANTÈS ATTEMPTING AN ESCAPE BY BREAKING A JUG INTO PIECES."
55,0,"Found 1 high-confidence contradiction(s) out of 1 facts. Details: Fact 1 [90% confidence]: [LLM] THE CLAIM SUGGESTS THAT THE SUBJECT ALTERED THE ROUTE FOR AN EXPEDITION TO PROTECT SACRED INDIAN SITES, WHICH IS NOT MENTIONED OR IMPLIED IN THE PROVIDED NOVEL CONTEXT. THE NOVEL CONTEXT DOES NOT DISCUSS ANY ALTERATION OF ROUTES OR PROTECTION OF SACRED SITES."
12,0,"Found 2 high-confidence contradiction(s) out of 2 facts. Details: Fact 1 [90% confidence]: [LLM] THE CLAIM SPECIFIES THAT ""HE"" FILLED DIARY PAGES WITH REMORSE OVER AN EVENT (THE WRECK OF BRITANNIA), WHICH IS NOT MENTIONED OR ALLUDED TO ANYWHERE IN THE PROVIDED NOVEL CONTEXT, MAKING IT IMPOSSIBLE FOR BOTH STATEMENTS TO BE TRUE SIMULTANEOUSLY. | Fact 2 [90% confidence]: [LLM] THE CLAIM SUGGESTS THAT ""I"" COULD HAVE PREVENTED THE WRECK OF THE BRITANNIA AND FILLED DIARY PAGES WITH REGRET OVER THIS MISSED OPPORTUNITY. HOWEVER, THE PROVIDED NOVEL CONTEXT DOES NOT MENTION ANYTHING ABOUT A SHIP NAMED BRITANNIA OR ANY EVENT RELATED TO PREVENTING A WRECK, MAKING IT IMPOSSIBLE FOR BOTH STATEMENTS TO BE TRUE SIMULTANEOUSLY."
13,0,"Found 1 high-confidence contradiction(s) out of 1 facts. Details: Fact 1 [90% confidence]: [LLM] THE CLAIM DISCUSSES ""HIS DEFERENCE TO LADY GLENARVAN"" AND HIS FEELINGS TOWARDS HIS MOTHER, WHILE THE PROVIDED NOVEL CONTEXT DOES NOT MENTION ANY CHARACTERS NAMED LADY GLENARVAN OR ANY REFERENCES TO A PERSON'S RELATIONSHIP WITH THEIR MOTHER. THE CONTEXTS ARE ENTIRELY UNRELATED."
102,1,No verifiable constraints found in backstory.
92,0,"Found 2 high-confidence contradiction(s) out of 2 facts. Details: Fact 1 [90% confidence]: [LLM] THE CLAIM REFERS TO EVENTS INVOLVING NOIRTIER AND HIS ELDER SON GÉRARD (VILLEFORT), WHILE THE PROVIDED NOVEL CONTEXT DOES NOT MENTION THESE CHARACTERS OR ANY SIMILAR EVENT RELATED TO BURNING A BETROTHAL CONTRACT. THE CONTEXTS ARE ENTIRELY UNRELATED. | Fact 2 [90% confidence]: [LLM] THE NOVEL CONTEXT DOES NOT MENTION NOIRTIER BURNING ANY BETROTHAL CONTRACT. INSTEAD, IT DISCUSSES VILLEFORT'S INVOLVEMENT IN THE DEATHS OF M. DE SAINT-MÉRAN AND MADAME DE SAINT-MÉRAN, SUGGESTING THAT THERE IS NO EVIDENCE SUPPORTING THE CLAIM ABOUT NOIRTIER PUBLICLY BURNING THE MÉRAN BETROTHAL CONTRACT."
1,1,"Backstory is consistent. 2/2 facts verified, 0 minor inconsistencies."
11,0,"Found 1 high-confidence contradiction(s) out of 1 facts. Details: Fact 1 [90% confidence]: [LLM] THE BACKSTORY CLAIMS THAT AYRTON SAW FIRST MATE AYRTON SECRETLY MEETING SLAVE TRADERS AND BEING INJURED, WHICH IS INCONSISTENT WITH THE NOVEL CONTEXT WHERE AYRTON'S NARRATIVE FOCUSES ON HIS OWN EXPERIENCES AS A SHIPWRECK SURVIVOR ENSLAVED BY NATIVE TRIBES WITHOUT ANY MENTION OF INTERACTIONS WITH SLAVE TRADERS."
65,1,"Backstory is consistent. 1/1 facts verified, 0 minor inconsistencies."
107,0,"Found 1 high-confidence contradiction(s) out of 1 facts. Details: Fact 1 [90% confidence]: [LLM] THE CLAIM SUGGESTS NAPOLEON'S HOPES ENDED AFTER HIS DEFEAT AT WATERLOO IN 1815, IMPLYING NO FURTHER ACTIVE PLOTTING OR INVOLVEMENT. HOWEVER, THE NOVEL CONTEXT IMPLIES NAPOLEON’S CONTINUED INFLUENCE AND PRESENCE, SUGGESTING HE IS STILL ACTIVELY INVOLVED BEYOND JUST FAMILY AFFAIRS, WHICH CONTRADICTS THE IDEA THAT HIS HOPES WERE DEFINITIVELY ENDED BY WATERLOO."
66,0,"Found 1 high-confidence contradiction(s) out of 1 facts. Details: Fact 1 [90% confidence]: [LLM] THE CLAIM SUGGESTS LORD GLENARVAN MET SOMEONE AT A DINNER AND HIRED THEM IMMEDIATELY TO GUIDE HIM IN SOUTH AMERICA. HOWEVER, THE NOVEL CONTEXT DOES NOT MENTION ANY SUCH MEETING OR HIRING OF A GUIDE FOR SOUTH AMERICA; INSTEAD, IT FOCUSES ON GLENARVAN'S CURRENT SITUATION INVOLVING HIS COMPANIONS AND AN UNEXPECTED GUEST."
89,1,"Backstory is consistent. 1/1 facts verified, 0 minor inconsistencies."
34,0,"Found 2 high-confidence contradiction(s) out of 2 facts. Details: Fact 1 [90% confidence]: [LLM] THE CLAIM SUGGESTS THAT ""HE"" FOUND SHIP PAPERS MENTIONING AN ILLICIT AUSTRALIAN LAND DEAL AND PLANNED TO TRADE THIS INFORMATION FOR A PARDON. HOWEVER, THE NOVEL CONTEXT DOES NOT MENTION ANY SUCH DISCOVERY OR PLAN RELATED TO TRADING INFORMATION FOR A PARDON; INSTEAD, IT FOCUSES ON A LETTER CARRIED BY A SAILOR NAMED AUSTIN WHICH WAS OBSERVED BY OTHERS DURING HIS RETURN TO THE SHIP. | Fact 2 [90% confidence]: [LLM] THE BACKSTORY MENTIONS AN ILLICIT LAND DEAL INVOLVING A BRITISH PEER IN AUSTRALIA, WHICH IS NOT REFERENCED OR ALLUDED TO ANYWHERE IN THE PROVIDED NOVEL CONTEXT. THE NOVEL FOCUSES ON SMUGGLING ACTIVITIES AND DOES NOT MENTION ANY LAND DEALS OR BRITISH PEERS."
99,0,"Found 1 high-confidence contradiction(s) out of 1 facts. Details: Fact 1 [90% confidence]: [LLM] THE BACKSTORY CLAIMS THE SUBJECT ABSORBED HIS FATHER’S STAUNCH REPUBLICANISM, BUT THE NOVEL CONTEXT INDICATES THAT VILLEFORT'S FATHER WAS MORE ALIGNED WITH JACOBIN IDEALS AND OPPOSED TO BOTH NAPOLEON AND THE BOURBONS, WHICH CONTRADICTS THE NOTION OF STAUNCH REPUBLICANISM."
123,0,"Found 1 high-confidence contradiction(s) out of 1 facts. Details: Fact 1 [90% confidence]: [LLM] THE NOVEL CONTEXT DOES NOT MENTION ANY STUDY OF NAPOLEON’S SECRET LETTERS OR ANY INTERACTION BETWEEN THE CHARACTERS REGARDING SUCH DOCUMENTS. IT FOCUSES ON POLITICAL INTRIGUE AND DISCUSSIONS ABOUT NAPOLEON'S RETURN, BUT THERE IS NO INDICATION OF ANYONE STUDYING HIS SECRET CORRESPONDENCE."
116,0,"Found 1 high-confidence contradiction(s) out of 1 facts. Details: Fact 1 [90% confidence]: [LLM] THE CLAIM SUGGESTS THAT ""HE"" BACKED PRINCE PEDRO, WHO WAS A CONSTITUTIONALIST, WHILE THE NOVEL CONTEXT INDICATES THAT ""HE"" (EDMOND DANTÈS) IS STRONGLY ALIGNED WITH BONAPARTISM AND OPPOSES ROYALISTS, SHOWING A CLEAR IDEOLOGICAL CONTRADICTION."
43,1,No verifiable constraints found in backstory.
108,0,"Found 2 high-confidence contradiction(s) out of 3 facts. Details: Fact 1 [90% confidence]: [LLM] THE NOVEL CONTEXT SUGGESTS THAT THE MAN IN QUESTION IS INVOLVED IN POLITICAL AND SOCIAL CONFLICTS, PARTICULARLY WITH THE COUNT OF MORCERF, WHICH CONTRADICTS THE CLAIM THAT HE MARRIED AN APOLITICAL WOMAN TO ESCAPE POLITICAL STRIFE. | Fact 2 [70% confidence]: [LLM] THE NOVEL CONTEXT SUGGESTS THAT VILLEFORT'S MARRIAGE IS SEEN AS AN ATTEMPT TO RECONCILE POLITICAL DIFFERENCES RATHER THAN ACHIEVE DOMESTIC PEACE. THIS CONTRADICTS THE CLAIM THAT MARRYING AN APOLITICAL WOMAN WAS INTENDED TO REPLACE POLITICAL STRIFE WITH DOMESTIC TRANQUILITY. | Fact 3 [90% confidence]: [LLM] THE CLAIM SUGGESTS THAT THE BOY (VILLEFORT) IS EXPECTED TO CARRY HIS FATHER'S IDEALS FORWARD, IMPLYING A CONTINUATION OF POLITICAL OR IDEOLOGICAL BELIEFS. HOWEVER, THE NOVEL CONTEXT INDICATES THAT THE YOUNG MAN’S GREATEST AMBITION WAS TO POSSESS WEAPONS AND SHOWS NO INDICATION OF CARRYING ON ANY FAMILY IDEOLOGY; INSTEAD, IT FOCUSES ON ACTIONS LIKE TAKING AWAY HIS MOTHER’S PORTRAIT AND ARRANGING HIS ARMS AND OTHER POSSESSIONS, SUGGESTING A BREAK FROM FAMILIAL EXPECTATIONS RATHER THAN UPHOLDING THEM."
128,1,No verifiable constraints found in backstory.
29,0,"Found 1 high-confidence contradiction(s) out of 1 facts. Details: Fact 1 [90% confidence]: [LLM] THE NOVEL CONTEXT DESCRIBES INTENSE EMOTIONAL AND PHYSICAL ACTIONS RELATED TO HANDLING PISTOLS AND PREPARING FOR WHAT SEEMS LIKE AN EXECUTION OR SUICIDE SCENARIO. THERE IS NO MENTION OF A DAGGER OR ANY INTERACTION INVOLVING ONE, WHICH DIRECTLY CONTRADICTS THE BACKSTORY CLAIM."
69,0,"Found 2 high-confidence contradiction(s) out of 2 facts. Details: Fact 1 [90% confidence]: [LLM] THE NOVEL CONTEXT DOES NOT MENTION ANY POISONING INCIDENT OR THE USE OF MANUKA BARK TO SAVE ANYONE'S LIFE. THE BACKSTORY CLAIM IS ABOUT A SPECIFIC EVENT INVOLVING POISONING AND RECOVERY USING MANUKA BARK, WHICH HAS NO CORRESPONDING DETAILS IN THE PROVIDED NOVEL TEXT. | Fact 2 [90% confidence]: [LLM] THE BACKSTORY CLAIMS THAT ""HE"" LED THIRTY WARRIORS AGAINST THE FRENCH MERCHANTMAN AMETHYST, WHICH IS NOT SUPPORTED BY OR CONSISTENT WITH THE PROVIDED NOVEL CONTEXT. THE NOVEL DOES NOT MENTION ANY SUCH EVENT INVOLVING A LEADER OF WARRIORS ATTACKING A SHIP; INSTEAD, IT FOCUSES ON INTERACTIONS BETWEEN EUROPEANS AND MAORI CHIEFS LIKE HIHY AND KAI-KOUMOU, WHO ARE DESCRIBED IN TERMS OF THEIR ROLES WITHIN TRIBAL CONFLICTS RATHER THAN MARITIME RAIDS."
50,0,"Found 2 high-confidence contradiction(s) out of 2 facts. Details: Fact 1 [90% confidence]: [LLM] THE CLAIM INVOLVES ""HE"" SAVING AN OLD SHEPHERD WHO IS BITTEN BY A VIPER AND RECEIVING A SECRET MAP IN RETURN. HOWEVER, THE NOVEL CONTEXT DOES NOT MENTION ANY SUCH EVENT; INSTEAD, IT DESCRIBES A CHASE INVOLVING KANGAROOS AND DOGS WITH AN OLD MAN READY TO FIGHT FOR HIS LIFE. THERE IS NO INDICATION OF A SHEPHERD OR A VIPER BITE, NOR ANY REFERENCE TO A SECRET MAP OR A LESSON ABOUT A GUIDE'S DUTY. | Fact 2 [90% confidence]: [LLM] THE BACKSTORY CLAIMS THAT THE MAN RECEIVED A SECRET MAP FROM AN OLD SHEPHERD, WHILE THE NOVEL CONTEXT DOES NOT MENTION ANY INTERACTION WITH A SHEPHERD OR RECEIVING A MAP. INSTEAD, IT FOCUSES ON EDMOND'S JOURNEY AND DISCOVERY OF GUIDE-MARKS ON THE ISLAND."
5,0,"Found 1 high-confidence contradiction(s) out of 1 facts. Details: Fact 1 [90% confidence]: [LLM] THE BACKSTORY DESCRIBES AN EVENT WHERE ""HE"" SHIELDED A BOX DURING A SANDSTORM IN ALGERIA, WHILE THE NOVEL CONTEXT DOES NOT MENTION ANY SUCH EVENT AND INSTEAD REFERS TO DIFFERENT SCENARIOS INVOLVING BOXES (E.G., ALBERT'S THEATRE BOX, MONTE CRISTO’S PISTOL BOX), WHICH ARE UNRELATED TO THE CLAIMED GEOLOGICAL SURVEY INCIDENT."
39,0,"Found 1 high-confidence contradiction(s) out of 1 facts. Details: Fact 1 [90% confidence]: [LLM] THE BACKSTORY CLAIMS THAT ""HE"" ADOPTED THE ALIAS BEN JOYCE AFTER DISCHARGE AND WENT ON TO FORM BONDS WITH CAPTAIN DEWEY AND SECOND MATE EDDIE. HOWEVER, THE NOVEL CONTEXT DOES NOT MENTION ANY SUCH EVENTS OR ALIASES; INSTEAD, IT DISCUSSES A CHARACTER NAMED BENEDETTO WHO IS UNAWARE OF HIS REAL NAME AND HAS NO CONNECTION TO MARITIME ACTIVITIES AS DESCRIBED IN THE BACKSTORY CLAIM."
19,0,"Found 1 high-confidence contradiction(s) out of 2 facts. Details: Fact 1 [90% confidence]: [LLM] THE BACKSTORY CLAIMS THAT THE SUBJECT SPOKE BOTH FRENCH AND ENGLISH, IMPLYING FLUENCY IN THESE LANGUAGES. HOWEVER, THE NOVEL CONTEXT SHOWS PAGANEL STRUGGLING WITH SPANISH AND NEEDING TO ARTICULATE WORDS SLOWLY AND CLEARLY, WHICH SUGGESTS HE IS NOT FLUENT OR COMFORTABLE SPEAKING MULTIPLE LANGUAGES BEYOND HIS NATIVE FRENCH."
113,1,"Backstory is consistent. 2/2 facts verified, 0 minor inconsistencies."
139,0,"Found 1 high-confidence contradiction(s) out of 1 facts. Details: Fact 1 [90% confidence]: [LLM] THE NOVEL CONTEXT SUGGESTS A CYNICAL AND PRAGMATIC VIEW OF SOCIETY AND PERSONAL FORTUNE, WHICH CONTRASTS SHARPLY WITH THE IDEALISTIC AND HOPEFUL PERSPECTIVE IMPLIED BY THE CLAIM ABOUT ENLIGHTENMENT IDEALS SUSTAINING HIM."
71,0,"Found 2 high-confidence contradiction(s) out of 3 facts. Details: Fact 1 [90% confidence]: [LLM] THE BACKSTORY CLAIMS THAT TROOPS BURNED AN EMPTY VILLAGE DURING THE NORTH-ISLAND WAR, BUT THE NOVEL CONTEXT DESCRIBES A VILLAGE RECENTLY DEVASTATED BY WAR WITH VISIBLE SIGNS OF PLUNDER AND CONFLAGRATION, IMPLYING IT WAS NOT EMPTY AT THE TIME. | Fact 3 [90% confidence]: [LLM] THE BACKSTORY CLAIMS THAT SHRAPNEL CRIPPLED THE SUBJECT'S LEFT LEG DURING THE NORTH-ISLAND WAR, YET THERE IS NO MENTION OF ANY SUCH INJURY IN THE PROVIDED NOVEL CONTEXT. INSTEAD, THE NOVEL DESCRIBES THE USE OF THE LEFT HAND FOR A SPECIFIC ACTION WITHOUT INDICATING ANY IMPAIRMENT OR RELIANCE ON A STAFF."
26,1,"Backstory is consistent. 1/1 facts verified, 0 minor inconsistencies."
117,0,"Found 1 high-confidence contradiction(s) out of 1 facts. Details: Fact 1 [90% confidence]: [LLM] THE CLAIM SUGGESTS THAT ""HE"" HID LIFETIME RESEARCH MANUSCRIPTS DURING AN ESCAPE, IMPLYING POSSESSION AND PROTECTION OF IMPORTANT DOCUMENTS. HOWEVER, THE NOVEL CONTEXT DESCRIBES SOMEONE DESTROYING PAPERS AND BURNING EVERY FRAGMENT TO ENSURE NO TRACE REMAINS, WHICH DIRECTLY CONTRADICTS THE IDEA OF HIDING SUCH MANUSCRIPTS FOR SAFEKEEPING."
6,0,"Found 1 high-confidence contradiction(s) out of 1 facts. Details: Fact 1 [90% confidence]: [LLM] THE BACKSTORY CLAIMS THAT ""HE"" MET YOUNG CAPTAIN GRANT IN MARSEILLE AND HAD AN ARGUMENT ABOUT TIDES, WHILE THE NOVEL CONTEXT DOES NOT MENTION ANY MEETING WITH CAPTAIN GRANT OR ANY DISCUSSION ABOUT TIDES. INSTEAD, IT FOCUSES ON SEARCHING FOR CAPTAIN GRANT WHO IS PRESUMED TO BE MISSING."
76,0,"Found 2 high-confidence contradiction(s) out of 2 facts. Details: Fact 1 [90% confidence]: [LLM] THE NOVEL CONTEXT DOES NOT MENTION ANY EUROPEAN POCKET WATCH OR ANY INTERACTION WITH A FRENCH MATE THAT WOULD INVOLVE SUCH AN ITEM. INSTEAD, IT FOCUSES ON FINANCIAL TRANSACTIONS AND ESCAPE SCENARIOS WITHOUT REFERENCING THE SPECIFIC OBJECT MENTIONED IN THE BACKSTORY CLAIM. | Fact 2 [90% confidence]: [LLM] THE CLAIM REFERS TO A POCKET-WATCH AND ITS SIGNIFICANCE IN EXPLAINING THE SUBJECT'S GRASP OF MECHANICAL TIME AND DISGUST FOR CHRISTIAN OBJECTS. HOWEVER, THE NOVEL CONTEXT FOCUSES ON MORREL'S INTENSE FOCUS ON A CLOCK DURING A CRITICAL MOMENT, WITHOUT MENTIONING ANY POCKET-WATCH OR ITS SYMBOLIC IMPORTANCE RELATED TO MECHANICAL TIME OR RELIGIOUS SENTIMENT."
17,0,"Found 1 high-confidence contradiction(s) out of 1 facts. Details: Fact 1 [90% confidence]: [LLM] THE NOVEL CONTEXT CLEARLY STATES THAT NOIRTIER'S MOTHER DIED AT HIS BIRTH AND HIS FATHER WAS ASSASSINATED WHEN HE WAS TWO YEARS OLD, WHICH DIRECTLY CONTRADICTS THE CLAIM THAT HIS MOTHER REMARRIED A FRENCH OFFICER AFTER HIS FATHER’S DEATH."
20,1,No verifiable constraints found in backstory.
10,1,No verifiable constraints found in backstory.
122,1,No verifiable constraints found in backstory.
62,1,"Backstory is consistent. 2/2 facts verified, 0 minor inconsistencies."
36,1,"Backstory is consistent. 2/2 facts verified, 0 minor inconsistencies."
73,0,"Found 2 high-confidence contradiction(s) out of 2 facts. Details: Fact 1 [90% confidence]: [LLM] THE CLAIM INVOLVES MISSIONARIES WRAPPING OPIUM IN BIBLE PAGES AND BURNING BOOKS EXCEPT FOR A SHEEPSKIN MAP. HOWEVER, THE PROVIDED NOVEL CONTEXT DOES NOT MENTION ANYTHING ABOUT MISSIONARIES OR OPIUM BEING WRAPPED IN RELIGIOUS TEXTS; INSTEAD, IT DISCUSSES A RECIPE INVOLVING OPIUM AND HASHISH PILLS AND A GEOGRAPHICAL MAP OF CHILE AND ARGENTINA. | Fact 2 [90% confidence]: [LLM] THE BACKSTORY CLAIM DESCRIBES AN ACTION OF BURNING EVERY BOOK EXCEPT FOR ONE SPECIFIC MAP, WHILE THE NOVEL CONTEXT EMPHASIZES THE IMPORTANCE AND PRESERVATION OF BOOKS AND DOCUMENTS. THE NOVEL DOES NOT SUPPORT OR ALIGN WITH THE IDEA OF DESTROYING A LARGE COLLECTION OF BOOKS."
98,0,"Found 1 high-confidence contradiction(s) out of 2 facts. Details: Fact 1 [90% confidence]: [LLM] THE NOVEL CONTEXT DESCRIBES THE COUNT'S SILENCE AS BEING PERCEIVED BY OTHERS AS SUSPICIOUS AND POTENTIALLY INDICATING GUILT OR FEAR, WHICH CONTRADICTS THE BACKSTORY CLAIM THAT HIS SILENCE WAS DUE TO DIPLOMATIC PROTECTIONS AGAINST POLITICAL FOES."
25,0,"Found 1 high-confidence contradiction(s) out of 1 facts. Details: Fact 1 [90% confidence]: [LLM] THE NOVEL CONTEXT DOES NOT MENTION ANY MEETING WITH AN EX-GENERAL VON WALLACE OR OBTAINING NOTES ON SOUTH-AMERICAN INLAND GEOGRAPHY AND NATIVE CUSTOMS. THE FOCUS IS INSTEAD ON CHARACTERS LIKE MONTE CRISTO, BARON DANGLARS, AND LORD GLENARVAN DISCUSSING VOYAGES TO AMERICA BUT WITHOUT THE SPECIFIED ENCOUNTER."
120,1,"Backstory is consistent. 1/1 facts verified, 0 minor inconsistencies."
105,0,"Found 1 high-confidence contradiction(s) out of 1 facts. Details: Fact 1 [90% confidence]: [LLM] THE CLAIM DESCRIBES ""HE"" BECOMING THE HEAD OF AN ANTI-BONAPARTE SOCIETY AND ORGANIZING UNDERGROUND ACTIONS, WHICH IS ENTIRELY UNRELATED TO THE CONTEXT PROVIDED IN THE NOVEL THAT FOCUSES ON MEDICAL DISTRESS AND TRAVEL ARRANGEMENTS."
57,0,"Found 1/1 total contradictions (mostly low confidence). Fact 1 [70% confidence]: [LLM] THE NOVEL CONTEXT DOES NOT MENTION ANY JESUIT RAISING THE CHARACTER; INSTEAD, IT FOCUSES ON THE CHARACTER'S INTERACTIONS WITH OTHER INDIVIDUALS AND HIS APPEARANCE, WITHOUT REFERENCE TO BEING RAISED BY FATHER LECLERE."
106,0,"Found 1 high-confidence contradiction(s) out of 2 facts. Details: Fact 1 [90% confidence]: [LLM] THE BACKSTORY CLAIMS THAT ""HE"" MET FERNAND AT A SOCIETY MEETING AND USED HIM FOR MILITARY INFORMATION, WHILE THE NOVEL CONTEXT DOES NOT MENTION ANY SUCH MEETING OR INTERACTION IN A SOCIETAL SETTING. INSTEAD, IT DESCRIBES FERNAND'S UNEXPECTED RETURN TO MERCÉDÈS DRESSED AS A SUB-LIEUTENANT WITHOUT ANY INDICATION OF EXPLOITING MILITARY INFORMATION OR BEING EXPLOITED BY ANYONE NAMED NOIRTIER."
118,0,"Found 1 high-confidence contradiction(s) out of 2 facts. Details: Fact 1 [90% confidence]: [LLM] THE BACKSTORY CLAIMS THAT FRENCH GENDARMES SEIZED HIM AT TOULON FOR PLANNING TO BOMB BOURBON RESTORATION FESTIVITIES AND THREATENING A CARDINAL’S SECRET CORRESPONDENCE, BUT THE NOVEL CONTEXT DESCRIBES DANTÈS BEING SEIZED BY GENDARMES WITHOUT ANY MENTION OF BOMBING PLANS OR CODE-BREAKING ACTIVITIES."
126,1,"Backstory is consistent. 1/1 facts verified, 0 minor inconsistencies."
4,1,"Backstory is consistent. 1/1 facts verified, 0 minor inconsistencies."
125,0,"Found 1 high-confidence contradiction(s) out of 3 facts. Details: Fact 2 [90% confidence]: [LLM] THE NOVEL CONTEXT DOES NOT MENTION ANY INSTANCE OF GIVING A MERCIFUL DEATH OR SHAPING AN ETHIC RELATED TO KILLING. INSTEAD, IT FOCUSES ON THEMES OF JUSTICE, MERCY, AND THE CONSEQUENCES OF MURDER, WHICH DO NOT ALIGN WITH THE CLAIM'S ASSERTION ABOUT SPARING A REBEL LEADER FROM TORTURE IN INDIA."
40,1,"Backstory is consistent. 1/1 facts verified, 0 minor inconsistencies."
96,0,"Found 1 high-confidence contradiction(s) out of 1 facts. Details: Fact 1 [90% confidence]: [LLM] THE NOVEL CONTEXT DOES NOT MENTION ANYTHING ABOUT VALENTINE INHERITING TREMBLING HANDS OR BEING TRAINED TO COMMUNICATE THROUGH EYE MOVEMENTS DUE TO PARALYSIS. INSTEAD, IT PORTRAYS VALENTINE AS ACTIVELY PARTICIPATING IN PHYSICAL INTERACTIONS LIKE PASSING HER HAND THROUGH A GRATING AND KISSING THE COUNT'S HAND, WHICH CONTRADICTS THE IDEA OF HER HAVING INHERITED SUCH CONDITIONS."
45,0,"Found 1 high-confidence contradiction(s) out of 1 facts. Details: Fact 1 [90% confidence]: [LLM] THE BACKSTORY CLAIMS THAT HE CACHED WEAPONS AND TORCHED A TRADER, INDICATING AN ACT OF DESTRUCTION AND REPENTANCE. HOWEVER, THE NOVEL CONTEXT DESCRIBES HIM ARRANGING HIS WEAPONS METICULOUSLY AND LEAVING THEM IN GOOD CONDITION, WHICH CONTRADICTS THE IDEA OF HIDING OR DESTROYING WEAPONS AS STATED IN THE BACKSTORY CLAIM."
54,0,"Found 4 high-confidence contradiction(s) out of 5 facts. Details: Fact 1 [90% confidence]: [LLM] THE CLAIM SPECIFIES THAT ""HE"" LOVED A CHILEAN DOCTOR NAMED MARIANA WHO DIED WHILE NURSING CHOLERA PATIENTS. HOWEVER, THE PROVIDED NOVEL CONTEXT DOES NOT MENTION ANY CHARACTER BY THE NAME OF MARIANA OR REFER TO ANYONE DYING FROM CHOLERA WHILE NURSING OTHERS. INSTEAD, IT FOCUSES ON A DISTRICT DOCTOR (D’AVRIGNY) DEALING WITH OTHER MEDICAL SITUATIONS AND DEATHS UNRELATED TO CHOLERA NURSING. | Fact 2 [90% confidence]: [LLM] THE CLAIM SPECIFIES THAT MARIANA DIED WHILE NURSING CHOLERA-STRICKEN INDIANS, BUT THERE IS NO MENTION OF MARIANA OR ANY CHARACTER DYING FROM SUCH CIRCUMSTANCES IN THE PROVIDED NOVEL CONTEXT. THE NOVEL CONTEXT DISCUSSES DEATHS DUE TO GRIEF AND OLD AGE, WHICH DO NOT ALIGN WITH THE CLAIMED CAUSE OF DEATH FOR MARIANA. | Fact 3 [90% confidence]: [LLM] THE NOVEL CONTEXT DOES NOT MENTION ANY ACT OF BURNING BELONGINGS. INSTEAD, IT FOCUSES ON THE EMOTIONAL DISTRESS AND ARREST OF THE SUBJECT'S WIFE (OR LOVER), WITH NO INDICATION OF HIM DESTROYING HER POSSESSIONS."
8,0,"Found 1 high-confidence contradiction(s) out of 1 facts. Details: Fact 1 [100% confidence]: [LLM] THE CLAIM DESCRIBES A SCENARIO WHERE THE SUBJECT WINS TRUST FROM A NATIVE TRIBE THROUGH SKETCHING STAR-MAPS AND LEARNS TRACKING TECHNIQUES AND HERBAL LORE. HOWEVER, THE NOVEL CONTEXT PROVIDED IS ENTIRELY UNRELATED TO SUCH ACTIVITIES; IT DISCUSSES CHARACTERS LIKE MONTE CRISTO, DANGLARS, MORCERF, AND OTHERS IN A COMPLETELY DIFFERENT SETTING WITH NO MENTION OF TRIBES OR SURVIVAL SKILLS."
32,0,"Found 1 high-confidence contradiction(s) out of 2 facts. Details: Fact 1 [90% confidence]: [LLM] THE BACKSTORY DESCRIBES SOMEONE STEERING BOTH SIDES TOWARDS MUTUAL RUIN AND THEN FORMING AN INTELLIGENCE NETWORK, WHICH INVOLVES SIGNIFICANT POLITICAL OR SOCIAL MANEUVERING. HOWEVER, THE NOVEL CONTEXT PROVIDED DOES NOT MENTION ANY SUCH ACTIVITIES; INSTEAD, IT FOCUSES ON CHARACTERS LIKE MONTE CRISTO, GLENARVAN, AND CAPTAIN MANGLES DEALING WITH TRAVEL ARRANGEMENTS AND WEATHER CONDITIONS, SHOWING NO INDICATION OF THE DESCRIBED POLITICAL INTRIGUE."
14,1,No verifiable constraints found in backstory.
63,1,"Backstory is consistent. 1/1 facts verified, 0 minor inconsistencies."
41,0,"Found 1 high-confidence contradiction(s) out of 2 facts. Details: Fact 1 [90% confidence]: [LLM] THE BACKSTORY CLAIMS THAT ""HE"" HELPED A BLACK-MARKETEER DODGE DUTY AND WAS INVOLVED IN SMUGGLING, WHICH IMPLIES ILLEGAL ACTIVITIES. HOWEVER, THE NOVEL CONTEXT DOES NOT MENTION ANY SUCH ACTIONS; INSTEAD, IT FOCUSES ON LAWFUL INTERACTIONS WITH AUTHORITIES AND MENTIONS NO INVOLVEMENT IN SMUGGLING OR EVADING DUTIES."
23,0,"Found 1 high-confidence contradiction(s) out of 1 facts. Details: Fact 1 [90% confidence]: [LLM] THE CLAIM INVOLVES SPECIFIC DETAILS ABOUT A WOMAN ENTRUSTING A MAN WITH HIS HALF-BROTHER'S CARE AND SUBSEQUENT SEPARATION DUE TO THE FRENCH STEPFATHER TAKING THE CHILD TO EUROPE, WHICH ARE NOT MENTIONED OR ALLUDED TO ANYWHERE IN THE PROVIDED NOVEL CONTEXT. THE NOVEL CONTEXT DOES NOT CONTAIN ANY INFORMATION RELATED TO FAMILY SEPARATIONS OR CUSTODY ISSUES INVOLVING A HALF-BROTHER BEING TAKEN AWAY BY A STEPFATHER."
90,0,"Found 2 high-confidence contradiction(s) out of 3 facts. Details: Fact 1 [90% confidence]: [LLM] THE CLAIM STATES THAT THE SUBJECT MARRIED ÉLOÏSE IN 1800, WHEREAS THE NOVEL CONTEXT INDICATES THAT DE VILLEFORT (THE SUBJECT OF THE NOVEL) MARRIED MADEMOISELLE DE SAINT-MÉRAN AFTER EDMOND'S ARREST, WHICH IS NOT ALIGNED WITH THE TIMELINE OR IDENTITY MENTIONED IN THE CLAIM. | Fact 3 [90% confidence]: [LLM] THE BACKSTORY CLAIMS THAT ""HE"" ARRANGED ÉLOÏSE'S ACCIDENTAL DROWNING TO ELIMINATE HER AS A ROYALIST INFORMANT, WHILE THE NOVEL CONTEXT DOES NOT MENTION ÉLOÏSE OR ANY INCIDENT RELATED TO HER DEATH. INSTEAD, IT FOCUSES ON DANTÈS' THOUGHTS ABOUT HIS WIFE AND HER POTENTIAL FATE, WHICH IS UNRELATED TO THE BACKSTORY CLAIM."
100,1,"Backstory is consistent. 1/1 facts verified, 0 minor inconsistencies."
138,0,"Found 1 high-confidence contradiction(s) out of 1 facts. Details: Fact 1 [90% confidence]: [LLM] THE BACKSTORY INDICATES THAT LONG POLITICAL WARFARE SEVERED THE SUBJECT FROM HIS FAMILY AND LED TO THE DECLINE OF HIS NOBLE HOUSE. HOWEVER, THE NOVEL CONTEXT DOES NOT MENTION ANY POLITICAL WARFARE OR FAMILIAL SEPARATION RELATED TO THE MAIN CHARACTERS OR THEIR BACKGROUNDS."
130,0,"Found 1 high-confidence contradiction(s) out of 1 facts. Details: Fact 1 [90% confidence]: [LLM] THE BACKSTORY CLAIM DESCRIBES SUDDEN DEATH DUE TO LEAD POISONING FROM PRISON WATER DURING AN APPARENT EPILEPTIC FIT, WHILE THE NOVEL CONTEXT DOES NOT MENTION ANY SUCH SCENARIO INVOLVING EPILEPSY OR LEAD POISONING. THE NOVEL FOCUSES ON A NARRATIVE INVOLVING A BREAK-IN AND POTENTIAL MURDER, WHICH IS UNRELATED TO THE MEDICAL CONDITION DESCRIBED IN THE BACKSTORY CLAIM."
48,1,No verifiable constraints found in backstory.
